<?xml version="1.0" encoding="UTF-8"?>
<project-private xmlns="http://www.netbeans.org/ns/project-private/1">
    <editor-bookmarks xmlns="http://www.netbeans.org/ns/editor-bookmarks/2" lastBookmarkId="0"/>
    <open-files xmlns="http://www.netbeans.org/ns/projectui-open-files/2">
        <group>
            <file>file:/C:/xampp/htdocs/railwayphp/bookticket.html</file>
            <file>file:/C:/xampp/htdocs/railwayphp/condb.php</file>
            <file>file:/C:/xampp/htdocs/railwayphp/tracking.html</file>
            <file>file:/C:/xampp/htdocs/railwayphp/pnr.php</file>
            <file>file:/C:/xampp/htdocs/railwayphp/index.php</file>
            <file>file:/C:/xampp/htdocs/railwayphp/home.html</file>
            <file>file:/C:/xampp/htdocs/railwayphp/ticket_generation.php</file>
            <file>file:/C:/xampp/htdocs/railwayphp/signup.php</file>
            <file>file:/C:/xampp/htdocs/railwayphp/pay.php</file>
            <file>file:/C:/xampp/htdocs/railwayphp/passen.php</file>
            <file>file:/C:/xampp/htdocs/railwayphp/seat.html</file>
            <file>file:/C:/xampp/htdocs/railwayphp/Loginpage.html</file>
            <file>file:/C:/xampp/htdocs/railwayphp/traintracking.php</file>
            <file>file:/C:/xampp/htdocs/railwayphp/adminsignup.php</file>
            <file>file:/C:/xampp/htdocs/railwayphp/check_trians.php</file>
            <file>file:/C:/xampp/htdocs/railwayphp/payment.html</file>
            <file>file:/C:/xampp/htdocs/railwayphp/Signup_page.html</file>
            <file>file:/C:/xampp/htdocs/railwayphp/signin.php</file>
            <file>file:/C:/xampp/htdocs/railwayphp/seat.php</file>
        </group>
    </open-files>
</project-private>
